ID,target
TEST_0000,0
TEST_0001,0
TEST_0002,0
TEST_0003,0
TEST_0004,0
TEST_0005,0
TEST_0006,0
TEST_0007,0
TEST_0008,0
TEST_0009,0
TEST_0010,0
TEST_0011,0
TEST_0012,0
TEST_0013,0
TEST_0014,0
TEST_0015,0
TEST_0016,0
TEST_0017,0
TEST_0018,0
TEST_0019,0
TEST_0020,0
TEST_0021,0
TEST_0022,0
TEST_0023,0
TEST_0024,0
TEST_0025,0
TEST_0026,0
TEST_0027,0
TEST_0028,0
TEST_0029,0
TEST_0030,0
TEST_0031,0
TEST_0032,0
TEST_0033,0
TEST_0034,0
TEST_0035,0
TEST_0036,0
TEST_0037,0
TEST_0038,0
TEST_0039,0
TEST_0040,0
TEST_0041,0
TEST_0042,0
TEST_0043,0
TEST_0044,0
TEST_0045,0
TEST_0046,0
TEST_0047,0
TEST_0048,0
TEST_0049,0
TEST_0050,0
TEST_0051,0
TEST_0052,0
TEST_0053,0
TEST_0054,0
TEST_0055,0
TEST_0056,0
TEST_0057,0
TEST_0058,0
TEST_0059,0
TEST_0060,0
TEST_0061,0
TEST_0062,0
TEST_0063,0
TEST_0064,0
TEST_0065,0
TEST_0066,0
TEST_0067,0
TEST_0068,0
TEST_0069,0
TEST_0070,0
TEST_0071,0
TEST_0072,0
TEST_0073,0
TEST_0074,0
TEST_0075,0
TEST_0076,0
TEST_0077,0
TEST_0078,0
TEST_0079,0
TEST_0080,0
TEST_0081,0
TEST_0082,0
TEST_0083,0
TEST_0084,0
TEST_0085,0
TEST_0086,0
TEST_0087,0
TEST_0088,0
TEST_0089,0
TEST_0090,0
TEST_0091,0
TEST_0092,0
TEST_0093,0
TEST_0094,0
TEST_0095,0
TEST_0096,0
TEST_0097,0
TEST_0098,0
TEST_0099,0
TEST_0100,0
TEST_0101,0
TEST_0102,0
TEST_0103,0
TEST_0104,0
TEST_0105,0
TEST_0106,0
TEST_0107,0
TEST_0108,0
TEST_0109,0
TEST_0110,0
TEST_0111,0
TEST_0112,0
TEST_0113,0
TEST_0114,0
TEST_0115,0
TEST_0116,0
TEST_0117,0
TEST_0118,0
TEST_0119,0
TEST_0120,0
TEST_0121,0
TEST_0122,0
TEST_0123,0
TEST_0124,0
TEST_0125,0
TEST_0126,0
TEST_0127,0
TEST_0128,0
TEST_0129,0
TEST_0130,0
TEST_0131,0
TEST_0132,0
TEST_0133,0
TEST_0134,0
TEST_0135,0
TEST_0136,0
TEST_0137,0
TEST_0138,0
TEST_0139,0
TEST_0140,0
TEST_0141,0
TEST_0142,0
TEST_0143,0
TEST_0144,0
TEST_0145,0
TEST_0146,0
TEST_0147,0
TEST_0148,0
TEST_0149,0
TEST_0150,0
TEST_0151,0
TEST_0152,0
TEST_0153,0
TEST_0154,0
TEST_0155,0
TEST_0156,0
TEST_0157,0
TEST_0158,0
TEST_0159,0
TEST_0160,0
TEST_0161,0
TEST_0162,0
TEST_0163,0
TEST_0164,0
TEST_0165,0
TEST_0166,0
TEST_0167,0
TEST_0168,0
TEST_0169,0
TEST_0170,0
TEST_0171,0
TEST_0172,0
TEST_0173,0
TEST_0174,0
TEST_0175,0
TEST_0176,0
TEST_0177,0
TEST_0178,0
TEST_0179,0
TEST_0180,0
TEST_0181,0
TEST_0182,0
TEST_0183,0
TEST_0184,0
TEST_0185,0
TEST_0186,0
TEST_0187,0
TEST_0188,0
TEST_0189,0
TEST_0190,0
TEST_0191,0
TEST_0192,0
TEST_0193,0
TEST_0194,0
TEST_0195,0
TEST_0196,0
TEST_0197,0
TEST_0198,0
TEST_0199,0
TEST_0200,0
TEST_0201,0
TEST_0202,0
TEST_0203,0
TEST_0204,0
TEST_0205,0
TEST_0206,0
TEST_0207,0
TEST_0208,0
TEST_0209,0
TEST_0210,0
TEST_0211,0
TEST_0212,0
TEST_0213,0
TEST_0214,0
TEST_0215,0
TEST_0216,0
TEST_0217,0
TEST_0218,0
TEST_0219,0
TEST_0220,0
TEST_0221,0
TEST_0222,0
TEST_0223,0
TEST_0224,0
TEST_0225,0
TEST_0226,0
TEST_0227,0
TEST_0228,0
TEST_0229,0
TEST_0230,0
TEST_0231,0
TEST_0232,0
TEST_0233,0
TEST_0234,0
TEST_0235,0
TEST_0236,0
TEST_0237,0
TEST_0238,0
TEST_0239,0
TEST_0240,0
TEST_0241,0
TEST_0242,0
TEST_0243,0
TEST_0244,0
TEST_0245,0
TEST_0246,0
TEST_0247,0
TEST_0248,0
TEST_0249,0
TEST_0250,0
TEST_0251,0
TEST_0252,0
TEST_0253,0
TEST_0254,0
TEST_0255,0
TEST_0256,0
TEST_0257,0
TEST_0258,0
TEST_0259,0
TEST_0260,0
TEST_0261,0
TEST_0262,0
TEST_0263,0
TEST_0264,0
TEST_0265,0
TEST_0266,0
TEST_0267,0
TEST_0268,0
TEST_0269,0
TEST_0270,0
TEST_0271,0
TEST_0272,0
TEST_0273,0
TEST_0274,0
TEST_0275,0
TEST_0276,0
TEST_0277,0
TEST_0278,0
TEST_0279,0
TEST_0280,0
TEST_0281,0
TEST_0282,0
TEST_0283,0
TEST_0284,0
TEST_0285,0
TEST_0286,0
TEST_0287,0
TEST_0288,0
TEST_0289,0
TEST_0290,0
TEST_0291,0
TEST_0292,0
TEST_0293,0
TEST_0294,0
TEST_0295,0
TEST_0296,0
TEST_0297,0
TEST_0298,0
TEST_0299,0
TEST_0300,0
TEST_0301,0
TEST_0302,0
TEST_0303,0
TEST_0304,0
TEST_0305,0
TEST_0306,0
TEST_0307,0
TEST_0308,0
TEST_0309,0
TEST_0310,0
TEST_0311,0
TEST_0312,0
TEST_0313,0
TEST_0314,0
TEST_0315,0
TEST_0316,0
TEST_0317,0
TEST_0318,0
TEST_0319,0
TEST_0320,0
TEST_0321,0
TEST_0322,0
TEST_0323,0
TEST_0324,0
TEST_0325,0
TEST_0326,0
TEST_0327,0
TEST_0328,0
TEST_0329,0
TEST_0330,0
TEST_0331,0
TEST_0332,0
TEST_0333,0
TEST_0334,0
TEST_0335,0
TEST_0336,0
TEST_0337,0
TEST_0338,0
TEST_0339,0
TEST_0340,0
TEST_0341,0
TEST_0342,0
TEST_0343,0
TEST_0344,0
TEST_0345,0
TEST_0346,0
TEST_0347,0
TEST_0348,0
TEST_0349,0
TEST_0350,0
TEST_0351,0
TEST_0352,0
TEST_0353,0
TEST_0354,0
TEST_0355,0
TEST_0356,0
TEST_0357,0
TEST_0358,0
TEST_0359,0
TEST_0360,0
TEST_0361,0
TEST_0362,0
TEST_0363,0
TEST_0364,0
TEST_0365,0
TEST_0366,0
TEST_0367,0
TEST_0368,0
TEST_0369,0
TEST_0370,0
TEST_0371,0
TEST_0372,0
TEST_0373,0
TEST_0374,0
TEST_0375,0
TEST_0376,0
TEST_0377,0
TEST_0378,0
TEST_0379,0
TEST_0380,0
TEST_0381,0
TEST_0382,0
TEST_0383,0
TEST_0384,0
TEST_0385,0
TEST_0386,0
TEST_0387,0
TEST_0388,0
TEST_0389,0
TEST_0390,0
TEST_0391,0
TEST_0392,0
TEST_0393,0
TEST_0394,0
TEST_0395,0
TEST_0396,0
TEST_0397,0
TEST_0398,0
TEST_0399,0
TEST_0400,0
TEST_0401,0
TEST_0402,0
TEST_0403,0
TEST_0404,0
TEST_0405,0
TEST_0406,0
TEST_0407,0
TEST_0408,0
TEST_0409,0
TEST_0410,0
TEST_0411,0
TEST_0412,0
TEST_0413,0
TEST_0414,0
TEST_0415,0
TEST_0416,0
TEST_0417,0
TEST_0418,0
TEST_0419,0
TEST_0420,0
TEST_0421,0
TEST_0422,0
TEST_0423,0
TEST_0424,0
TEST_0425,0
TEST_0426,0
TEST_0427,0
TEST_0428,0
TEST_0429,0
TEST_0430,0
TEST_0431,0
TEST_0432,0
TEST_0433,0
TEST_0434,0
TEST_0435,0
TEST_0436,0
TEST_0437,0
TEST_0438,0
TEST_0439,0
TEST_0440,0
TEST_0441,0
TEST_0442,0
TEST_0443,0
TEST_0444,0
TEST_0445,0
TEST_0446,0
TEST_0447,0
TEST_0448,0
TEST_0449,0
TEST_0450,0
TEST_0451,0
TEST_0452,0
TEST_0453,0
TEST_0454,0
TEST_0455,0
TEST_0456,0
TEST_0457,0
TEST_0458,0
TEST_0459,0
TEST_0460,0
TEST_0461,0
TEST_0462,0
TEST_0463,0
TEST_0464,0
TEST_0465,0
TEST_0466,0
TEST_0467,0
TEST_0468,0
TEST_0469,0
TEST_0470,0
TEST_0471,0
TEST_0472,0
TEST_0473,0
TEST_0474,0
TEST_0475,0
TEST_0476,0
TEST_0477,0
TEST_0478,0
TEST_0479,0
TEST_0480,0
TEST_0481,0
TEST_0482,0
TEST_0483,0
TEST_0484,0
TEST_0485,0
TEST_0486,0
TEST_0487,0
TEST_0488,0
TEST_0489,0
TEST_0490,0
TEST_0491,0
TEST_0492,0
TEST_0493,0
